<?xml version="1.0" encoding="UTF-8"?>
<!--
###############################################################################
# Copyright (c) 2004-2007 Sunil Kamath (IcemanK).
# All rights reserved.
# This program is made available under the terms of the Common Public License
# v1.0 which is available at http://www.eclipse.org/legal/cpl-v10.html

# Contributors:
#     Sunil Kamath (IcemanK) - initial API and implementation
###############################################################################
-->
<feature
      id="net.sf.eclipsensis.source"
      label="%feature.name"
      version="0.9.6"
      provider-name="%provider.name"
      image="%splash.image">

   <description url="%description.url">
      %description.text
   </description>

   <copyright url="%copyright.url">
      %copyright.text
   </copyright>

   <license url="%license.url">
      %license.text
   </license>

   <url>
      <update label="%update.site.name" url="http://eclipsensis.sf.net/update/"/>
      <discovery label="%update.site.name" url="http://eclipsensis.sf.net/update/"/>
   </url>

   <plugin
         id="net.sf.eclipsensis.source"
         download-size="1198"
         install-size="1348"
         version="0.9.6"/>

</feature>
