<?xml version="1.0" encoding="UTF-8"?>
<feature
      id="net.sf.eclipsensis"
      label="net.sf.eclipsensis"
      version="0.1.0"
      provider-name="Sunil Kamath"
      os="win32"
      ws="win32"
      arch="x86">

   <install-handler/>

   <description url="info.html">
      EclipseNSIS is a plugin for the Eclipse platform which enables editing, compiling and testing Nullsoft Installer (NSIS) scripts.
   </description>

   <copyright url="copyright.html">
      EclipseNSIS Plugin: Copyright (C) 2004 Sunil Kamath (IcemanK).
All rights reserved.
Visit http://eclipsensis.sf.net

Eclipse Platform: Copyright (C) Eclipse contributors and others
2000, 2004.  All rights reserved.
Visit http://www.eclipse.org/platform

NSIS: Copyright (C) 1999-2004 Nullsoft, Inc.
Visit http://nsis.sf.net
   </copyright>

   <license url="license.html">
      This program and the accompanying materials are made available under the terms of the Common Public License v1.0
http://www.eclipse.org/lega/cpl-v10.html
   </license>

   <url>
      <update label="EclipseNSIS Update Site" url="http://eclipsensis.sf.net/updates/"/>
      <discovery label="EclipseNSIS Discovery Site" url="http://eclipsensis.sf.net/updates/"/>
   </url>

   <requires>
      <import plugin="org.eclipse.ui"/>
      <import plugin="org.eclipse.ui.ide"/>
      <import plugin="org.eclipse.core.runtime"/>
      <import plugin="org.eclipse.jface.text"/>
      <import plugin="org.eclipse.core.filebuffers"/>
      <import plugin="org.eclipse.ui.editors"/>
      <import plugin="org.eclipse.ui.workbench.texteditor"/>
      <import plugin="org.eclipse.core.resources"/>
      <import plugin="org.eclipse.ui.views"/>
      <import plugin="org.eclipse.help"/>
      <import plugin="org.eclipse.ui.forms"/>
   </requires>

   <plugin
         id="net.sf.eclipsensis"
         download-size="250"
         install-size="250"
         version="0.1.0"/>

</feature>
